Athlete,vespoli usa,,,,,,,,,,,,,,,,,,,,
Date,"Mon, Apr 27 2026",,,,,,,,,,,,,,,,,,,,
Interval,9,,,,,,,,,,,,,,,,,,,,
Start Time,5:09:18.4 PM,,,,,,,,,,,,,,,,,,,,
End Time,5:21:19.2 PM,,,,,,,,,,,,,,,,,,,,
Duration,0:12:00.8,,,,,,,,,,,,,,,,,,,,
Distance,3013 m,,,,,,,,,,,,,,,,,,,,
Class,4+,,,,,,,,,,,,,,,,,,,,
Shell,1,,,,,,,,,,,,,,,,,,,,
Seat,B,,,,,,,,,,,,,,,,,,,,
,,,,,,,,,,,,,,,,,,,,,
Stroke,Timestamp,Split,SPM,Speed (m/s),DPS (m),Power (W),Work (J),Peak N,Peak °,Peak %,Length (°),Connection (°),Catch (°),Release (°),Slip (°),Wash (°),Check (ms),Drive Time (s),HR (bpm),Drive %,Recovery %
1,5:09:18.4 PM,0:33:39.162000,24.4,0.25,7.1,250,615,692,-1.1,60.8,85.5,64.7,-53.1,32.4,16.7,4.2,823,1.109,,45.1,54.9
2,5:09:20.8 PM,0:25:41.003000,28.2,0.32,7.6,289,615,620,-3.1,57.5,90.9,70.5,-55.4,35.5,11.9,8.5,684,0.96,,45.1,54.9
3,5:09:23.0 PM,0:18:59.201000,27.8,0.44,8.6,286,618,699,-3.5,57.9,87.8,70.1,-54.3,33.5,13.4,4.3,600,0.989,,45.8,54.2
4,5:09:25.1 PM,0:02:30.642000,32,3.32,7.8,340,637,695,-6,55.8,88.3,71.2,-55.3,33,11.2,5.9,618,0.854,,45.5,54.5
5,5:09:27.0 PM,0:02:11.912000,28,3.79,9.5,241,518,597,-0.7,62.3,89.9,64.3,-56.7,33.2,20.5,5.1,684,1.019,,47.5,52.5
6,5:09:29.2 PM,0:02:02.166000,29.9,4.09,8.6,299,601,681,-5.4,56.3,89.5,67.9,-55.7,33.8,14.5,7.1,632,0.961,,47.8,52.2
7,5:09:31.2 PM,0:01:57.654000,27.8,4.25,9.3,258,557,613,-3.7,59.4,86.7,68.4,-55.2,31.4,13.2,5.1,636,0.913,,42.3,57.7
8,5:09:33.3 PM,0:01:56.920000,30.8,4.28,8,305,595,667,-5.3,56.4,86.8,67.1,-54.2,32.5,12.5,7.2,632,0.828,,42.4,57.6
9,5:09:35.3 PM,0:01:56.408000,29.9,4.3,8.6,212,426,493,0.1,59.6,90.6,55.2,-53.8,36.8,23.3,12.1,676,0.854,,42.5,57.5
10,5:09:37.3 PM,0:01:57.368000,28.8,4.26,8.8,256,534,622,-4.7,56.8,89.1,69.3,-55.3,33.8,12,7.8,602,0.898,,43.1,56.9
11,5:09:39.4 PM,0:01:57.531000,30.1,4.25,8.4,252,504,565,-3.7,58.4,85.9,64.2,-53.9,32,14,7.6,647,0.855,,42.8,57.2
12,5:09:41.4 PM,0:01:57.522000,30.5,4.25,8.4,262,515,613,-0.5,61.9,84.6,63.5,-52.9,31.7,14.8,6.3,588,0.885,,45,55
13,5:09:43.3 PM,0:01:56.599000,29.7,4.29,8.8,254,514,589,-2.6,57.8,89.1,66,-54.1,35,13.1,9.9,629,0.928,,45.9,54.1
14,5:09:45.4 PM,0:01:55.385000,30.7,4.33,8.7,280,546,628,-5.4,54.4,87.6,64.5,-53.1,34.6,14,9.2,615,0.857,,43.9,56.1
15,5:09:47.3 PM,0:01:54.634000,29.8,4.36,8.8,229,460,544,0.8,63.8,87.6,60.2,-55.1,32.5,22.4,4.9,635,0.886,,44.1,55.9
16,5:09:49.3 PM,0:01:53.822000,30.3,4.39,8.6,286,566,623,-8,54.5,88.5,68.3,-56.2,32.3,12.4,7.8,636,0.875,,44.1,55.9
17,5:09:51.3 PM,0:01:53.355000,30.2,4.41,8.9,272,542,585,-9.5,52.4,88.3,65.9,-55.8,32.5,14.5,7.8,627,0.853,,42.9,57.1
18,5:09:53.3 PM,0:01:53.030000,28.7,4.42,9.2,237,496,555,-5.1,58.2,86.1,65.5,-55.2,30.9,13.6,6.9,631,0.964,,46.1,53.9
19,5:09:55.4 PM,0:01:52.931000,32.9,4.43,8.3,290,530,585,-7.1,55.5,86.8,65.7,-55.3,31.4,14.1,7,648,0.839,,46,54
20,5:09:57.2 PM,0:01:52.479000,30.3,4.45,8.9,256,506,569,-7.8,55.4,88,66.8,-56.6,31.4,14.3,7,597,0.854,,43.1,56.9
21,5:09:59.2 PM,0:01:51.164000,30.5,4.5,8.9,235,462,525,-4.9,56.7,86.3,62.9,-53.7,32.5,15.7,7.7,653,0.96,,48.9,51.1
22,5:10:01.1 PM,0:01:51.319000,30.3,4.49,8.6,294,582,648,-10.3,52.5,87.7,70,-56.3,31.4,11.7,6,635,0.9,,45.4,54.6
23,5:10:03.1 PM,0:01:51.362000,30.3,4.49,8.5,268,530,619,-7.2,55.2,86,64.8,-54.7,31.3,13.8,7.4,622,0.887,,44.8,55.2
24,5:10:05.1 PM,0:01:53.259000,30.3,4.41,8.6,263,522,598,-2,59.2,88.8,64.9,-54.6,34.2,14.8,9,658,0.903,,45.6,54.4
25,5:10:07.1 PM,0:01:53.682000,30.3,4.4,8.5,225,444,497,-2.4,58.3,90.4,63.6,-55.1,35.3,17.9,9,597,0.886,,44.8,55.2
26,5:10:09.1 PM,0:01:55.177000,29.6,4.34,8.9,239,484,548,-6.2,54.1,90.1,66.4,-55,35.1,14,9.7,630,0.841,,41.5,58.5
27,5:10:11.1 PM,0:01:54.976000,29.4,4.35,8.8,248,506,575,-5.9,57.2,87.3,65,-55.7,31.5,14.1,8.1,623,1.02,,50,50
28,5:10:13.1 PM,0:01:54.241000,32.2,4.38,8.2,236,438,492,-0.6,61.1,87.2,60.2,-53.8,33.4,18.7,8.3,646,0.871,,46.8,53.2
29,5:10:15.0 PM,0:01:54.196000,30.8,4.38,8.8,251,490,575,-6.3,54.3,89.6,64.5,-55,34.6,14.3,10.9,618,0.9,,46.2,53.8
30,5:10:16.9 PM,0:01:53.637000,29.9,4.4,8.8,246,495,575,-2.3,58.3,91.4,64.1,-55.6,35.8,14.9,12.3,646,0.9,,44.8,55.2
31,5:10:19.0 PM,0:01:53.912000,29.4,4.39,9.2,252,515,599,-5.8,55,88.8,66.8,-54.7,34.1,13.5,8.5,643,0.932,,45.7,54.3
32,5:10:21.0 PM,0:01:53.182000,30.1,4.42,9,196,391,462,-2.8,59.2,89.9,61.6,-56.1,33.9,16.4,11.9,662,0.84,,42.1,57.9
33,5:10:23.0 PM,0:01:53.236000,29.4,4.42,9,235,480,527,-2.2,58.6,89.2,66.1,-54.5,34.7,13.3,9.7,617,0.886,,43.4,56.6
34,5:10:25.0 PM,0:01:53.752000,30.3,4.4,8.7,263,521,581,-7.8,53.5,90.6,65.3,-56.3,34.3,14.9,10.4,592,0.899,,45.4,54.6
35,5:10:27.0 PM,0:01:53.504000,29.9,4.41,8.7,233,469,521,-4.2,54.6,92.5,62.3,-54.7,37.8,16.7,13.4,628,0.914,,45.5,54.5
36,5:10:29.0 PM,0:01:53.847000,29.8,4.39,8.6,234,470,563,-4.2,56.2,90.6,63.9,-55.1,35.5,15.6,11.1,665,0.915,,45.5,54.5
37,5:10:31.0 PM,0:01:55.260000,28.8,4.34,8.7,263,548,618,-7.2,54.5,91.3,66.3,-57,34.3,15.9,9.1,636,1.006,,48.2,51.8
38,5:10:33.1 PM,0:01:56.025000,30.1,4.31,8.7,233,465,541,-2,57.1,89.1,59.5,-52.8,36.3,17.2,12.3,650,0.899,,45.1,54.9
39,5:10:35.1 PM,0:01:57.253000,29.2,4.26,8.5,249,512,567,-12.9,47,90.9,67,-55.6,35.3,12.5,11.4,609,0.915,,44.5,55.5
40,5:10:37.2 PM,0:01:58.287000,30.5,4.23,8.4,222,437,493,-5.7,54,90.3,59.6,-54.5,35.8,17.9,12.8,617,0.839,,42.7,57.3
41,5:10:39.1 PM,0:01:58.854000,28.6,4.21,8.7,228,479,520,-12.4,49.4,91.8,67.1,-57.8,34,13.8,10.9,605,0.99,,47.1,52.9
42,5:10:41.2 PM,0:01:59.249000,30.8,4.19,8,246,479,497,-11.1,49.4,88.8,69,-55,33.8,10.8,9,622,0.901,,46.2,53.8
43,5:10:43.2 PM,0:01:59.699000,29.6,4.18,8.6,237,479,502,-10.6,50.9,89.8,65.7,-56.2,33.5,12.9,11.1,668,1.004,,49.6,50.4
44,5:10:45.2 PM,0:01:59.093000,30,4.2,8.3,228,455,483,-14.4,47.7,85.4,63.8,-55.2,30.2,12.6,9,637,0.901,,45.1,54.9
45,5:10:47.2 PM,0:02:00.229000,28.8,4.16,8.5,237,493,511,-11.8,48,90.5,68.6,-55.2,35.3,11,10.9,640,0.961,,46.1,53.9
46,5:10:49.3 PM,0:02:00.723000,30.3,4.14,7.8,231,457,492,-14.6,45.8,89.3,64.2,-55.4,33.8,11.7,13.3,623,1.006,,50.8,49.2
47,5:10:51.3 PM,0:02:01.955000,29.6,4.1,8.1,273,553,610,-7.1,53.8,89.4,69.5,-55.2,34.1,11.1,8.8,647,0.96,,47.4,52.6
48,5:10:53.3 PM,0:02:02.971000,30.1,4.07,8.1,262,522,573,-4.4,56.8,91.4,64.3,-56.2,35.1,14.5,12.5,664,1.005,,50.4,49.6
49,5:10:55.3 PM,0:02:02.664000,29.2,4.08,8.8,233,479,534,-2.3,58,90.3,65.4,-54.7,35.6,14.1,10.8,647,0.93,,45.2,54.8
50,5:10:57.3 PM,0:02:01.841000,29.4,4.1,8.4,230,470,518,-8.1,51.2,90.7,65.8,-54.6,36.1,13.9,11,621,0.9,,44.1,55.9
51,5:10:59.4 PM,0:02:01.711000,29,4.11,8.3,237,491,559,-5.6,55,90.2,64.4,-55.2,35,15.4,10.4,667,0.99,,47.8,52.2
52,5:11:01.4 PM,0:02:01.058000,29.2,4.13,8.4,217,446,524,-2.6,57.4,89.6,62.9,-53.9,35.6,15.6,11.1,699,1.02,,49.6,50.4
53,5:11:03.5 PM,0:02:01.032000,29.4,4.13,8.5,263,536,626,-6.5,53.7,89.4,65.3,-54.6,34.9,13.3,10.9,677,1.006,,49.3,50.7
54,5:11:05.5 PM,0:02:01.557000,29.4,4.11,8.3,220,448,495,-9.7,49.5,89.5,63.2,-54,35.5,15.6,10.7,612,0.911,,44.7,55.3
55,5:11:07.6 PM,0:02:01.532000,30.1,4.11,8.2,188,374,432,-3.6,57.1,89.9,55.8,-54.9,35,21.6,12.5,626,0.899,,45,55
56,5:11:09.6 PM,0:02:00.682000,29.6,4.14,8.3,216,439,510,-2.9,57.1,89.4,64.9,-53.9,35.5,13,11.5,617,0.944,,46.6,53.4
57,5:11:11.6 PM,0:02:00.353000,29.6,4.15,8.7,162,327,399,-0.1,59.6,92.1,48.1,-55,37.1,28.8,15.2,642,0.929,,45.9,54.1
58,5:11:13.6 PM,0:02:00.722000,29.4,4.14,8.1,196,401,470,-4.4,54.9,87.3,60.7,-52.3,35,15.1,11.6,648,0.887,,43.5,56.5
59,5:11:15.7 PM,0:02:01.593000,27.8,4.11,8.8,210,453,512,-5.5,57,87.6,65.9,-55.4,32.2,14.5,7.1,629,1.049,,48.6,51.4
60,5:11:17.8 PM,0:02:02.030000,30.7,4.1,7.9,207,404,447,-9.2,50,90.4,62.2,-54.4,36,14.9,13.4,627,0.963,,49.3,50.7
61,5:11:19.8 PM,0:02:02.317000,28.8,4.09,8.7,232,482,544,-9.2,51.8,91.1,65.5,-56.4,34.8,14.4,11.2,632,1.016,,48.8,51.2
62,5:11:21.9 PM,0:02:03.374000,30.1,4.05,8.4,214,427,490,-1.2,59.6,86,61.1,-52.5,33.5,16.5,8.4,631,0.871,,43.6,56.4
63,5:11:23.9 PM,0:02:01.976000,29.8,4.1,8.3,254,511,554,-5.4,56.6,86.9,65.9,-54.6,32.3,13.7,7.2,657,1.005,,50,50
64,5:11:25.9 PM,0:02:01.948000,29.9,4.1,7.9,231,463,489,-0.8,59.4,87.8,64.9,-53,34.8,13.2,9.6,632,0.868,,43.2,56.8
65,5:11:27.9 PM,0:02:01.271000,30.5,4.12,7.9,181,357,432,-2,60.7,82.6,55.6,-52.1,30.5,17.6,9.4,629,0.841,,42.7,57.3
66,5:11:29.8 PM,0:02:02.778000,29.6,4.07,7.9,195,395,442,-5.2,54,86.9,59.1,-52.2,34.7,17.1,10.6,594,0.886,,43.8,56.2
67,5:11:31.9 PM,0:02:04.196000,29.2,4.03,8.1,218,448,579,0.9,64.9,83.3,61.7,-53.2,30.1,15.5,6.1,663,1.018,,49.6,50.4
68,5:11:33.9 PM,0:02:06.086000,30,3.97,7.8,226,451,514,0.9,63,85.1,63.2,-52.6,32.4,13,8.9,594,0.901,,45.1,54.9
69,5:11:35.9 PM,0:02:06.776000,29.9,3.94,8.1,146,293,406,-0.4,62.2,84.3,43.9,-52.8,31.4,30.2,10.1,622,0.9,,44.8,55.2
70,5:11:37.9 PM,0:02:06.198000,29,3.96,8.6,182,376,468,-2.1,60.5,83.1,59.8,-52.4,30.8,14.9,8.4,614,0.915,,44.2,55.8
71,5:11:40.0 PM,0:02:04.912000,29.6,4,7.9,197,400,487,-3.4,56,85.2,57.3,-51.1,34.1,17.3,10.6,652,0.96,,47.4,52.6
72,5:11:42.0 PM,0:02:05.096000,28.8,4,8.1,170,355,450,-2.7,58.4,86,52.4,-52.9,33.1,19.3,14.2,597,1.006,,48.2,51.8
73,5:11:44.1 PM,0:02:05.297000,29,3.99,8.1,199,413,498,-2.9,59.8,86.6,64.1,-54.7,31.9,14.1,8.5,625,1.02,,49.3,50.7
74,5:11:46.2 PM,0:02:05.929000,28.8,3.97,8.2,220,459,542,-2.2,59.7,85,62.1,-53,32,14,8.9,609,0.915,,43.9,56.1
75,5:11:48.3 PM,0:02:07.584000,30.3,3.92,7.9,251,497,599,0.1,62.6,86.6,62.3,-54.1,32.5,14,10.3,629,0.901,,45.5,54.5
76,5:11:50.2 PM,0:02:05.885000,28.6,3.97,8.5,182,383,427,-19.3,40.7,85.6,57.8,-54.2,31.4,15.7,12.1,549,0.914,,43.5,56.5
77,5:11:52.3 PM,0:02:04.881000,29.2,4,8.6,207,425,501,-4.3,58.4,84.3,61.2,-53.6,30.8,14,9.2,633,0.96,,46.7,53.3
78,5:11:54.4 PM,0:02:03.307000,31.4,4.05,7.8,194,371,472,-3.1,58.8,82.4,54.8,-51.5,30.9,19.1,8.6,637,0.917,,48,52
79,5:11:56.3 PM,0:02:02.769000,29.7,4.07,8,181,365,424,-3.1,58.1,87.1,53.2,-53.6,33.4,21,12.9,558,0.9,,44.5,55.5
80,5:11:58.3 PM,0:02:02.727000,30.1,4.07,7.8,206,412,503,-6.9,56.3,84.9,63.8,-54.7,30.2,11.7,9.4,597,0.946,,47.4,52.6
81,5:12:00.3 PM,0:02:03.786000,28.8,4.04,8.1,222,463,547,-4.7,58.8,87.9,62.1,-56.4,31.4,14.6,11.1,662,0.944,,45.3,54.7
82,5:12:02.4 PM,0:02:05.351000,29.4,3.99,8.2,238,486,544,-1.1,61.3,89.1,64,-55.7,33.4,13.9,11.1,661,0.963,,47.1,52.9
83,5:12:04.5 PM,0:02:06.399000,29.9,3.96,7.9,184,368,408,-0.2,62.5,88.6,60,-55.6,33,17.2,11.3,613,0.915,,45.6,54.4
84,5:12:06.5 PM,0:02:05.135000,30.3,4,8.2,253,502,587,-1.8,63.2,84.8,65.3,-55.4,29.4,12.6,6.8,626,0.901,,45.5,54.5
85,5:12:08.4 PM,0:02:03.565000,29.8,4.05,8.5,158,318,408,-1.7,61.7,86.1,45.4,-54.8,31.3,30.1,10.5,630,1.005,,50,50
86,5:12:10.4 PM,0:02:02.299000,30.1,4.09,8,244,487,562,-8.1,54.8,85.5,66.1,-54.9,30.6,11.7,7.7,628,0.914,,45.8,54.2
87,5:12:12.4 PM,0:02:01.684000,29.6,4.11,8.3,224,453,570,-2.2,58.7,87.9,60.5,-53.8,34.1,15.5,11.8,620,1.02,,50.3,49.7
88,5:12:14.5 PM,0:02:00.238000,30.1,4.16,8.4,196,391,474,0.9,63.4,84.3,55.3,-52.4,31.8,19.5,9.4,657,0.899,,45.1,54.9
89,5:12:16.5 PM,0:02:01.264000,30,4.12,8.1,209,418,509,-4.1,58.1,83,58.5,-52.2,30.8,16.2,8.3,598,0.991,,49.6,50.4
90,5:12:18.5 PM,0:02:02.130000,29.7,4.09,8,205,414,500,-1.7,60.7,84.6,55,-53.1,31.5,18.7,10.9,590,0.974,,48.2,51.8
91,5:12:20.5 PM,0:02:03.025000,28.4,4.06,8.2,189,400,489,-2.2,62.1,81.6,60.7,-52.9,28.7,14.2,6.6,591,0.976,,46.1,53.9
92,5:12:22.6 PM,0:02:05.126000,29.9,4,7.6,214,430,495,-4.1,57,86.1,59.8,-53.1,32.9,14.9,11.3,615,0.961,,47.8,52.2
93,5:12:24.6 PM,0:02:07.601000,29.4,3.92,7.7,182,372,443,-3.4,58.1,90.4,56.2,-55.9,34.4,20.7,13.5,616,1.007,,49.3,50.7
94,5:12:26.6 PM,0:02:08.230000,29.2,3.9,8.2,223,457,553,-5.7,56.5,85.4,64.9,-54,31.4,11.7,8.9,608,1.006,,49,51
95,5:12:28.7 PM,0:02:08.078000,29.2,3.9,8.6,223,459,538,-3.7,58.5,89.6,64.6,-56.1,33.4,15.2,9.8,639,0.99,,48.2,51.8
96,5:12:30.8 PM,0:02:05.921000,28.8,3.97,8.6,217,453,464,-3.7,60.1,86.9,67.7,-55.9,30.9,12.7,6.4,658,0.915,,43.9,56.1
97,5:12:32.8 PM,0:02:04.791000,30.3,4.01,7.9,216,427,504,0.1,60.4,90.2,61.2,-54.4,35.8,16.9,12.1,627,0.899,,45.4,54.6
98,5:12:34.8 PM,0:02:03.552000,29.2,4.05,8.6,218,448,517,-6.7,55.2,86.6,64.2,-54.5,32.1,12.8,9.6,618,0.914,,44.5,55.5
99,5:12:36.9 PM,0:02:02.843000,28.2,4.07,8.5,239,508,613,-11.7,51.2,86.5,64.7,-56,30.5,12.4,9.4,619,1.049,,49.3,50.7
100,5:12:39.0 PM,0:02:04.025000,31.7,4.03,7.8,223,421,458,-6.8,54.9,90,60.3,-56.2,33.8,15.1,14.6,601,0.917,,48.5,51.5
101,5:12:40.9 PM,0:02:02.805000,28.6,4.07,8.7,216,453,559,-11.7,51.5,86.7,63.3,-56.3,30.4,14.5,8.9,637,0.992,,47.2,52.8
102,5:12:43.0 PM,0:02:02.731000,30.8,4.07,7.9,288,561,610,-8.3,53.4,88.6,67.4,-55.6,32.9,12,9.2,635,0.932,,47.8,52.2
103,5:12:44.9 PM,0:02:03.087000,28.6,4.06,8.6,204,428,527,-4.4,58.6,86.2,63.4,-54.9,31.3,14.3,8.5,641,1.021,,48.6,51.4
104,5:12:47.1 PM,0:02:01.867000,29.5,4.1,8.4,240,489,554,-11.3,50.8,85.9,66.7,-55,30.9,11.7,7.5,586,1.065,,52.3,47.7
105,5:12:49.1 PM,0:02:01.616000,30.8,4.11,7.9,216,422,486,-7.2,55.8,86.4,63.9,-55.5,30.9,13.4,9.1,552,0.929,,47.6,52.4
106,5:12:51.0 PM,0:02:02.432000,29,4.08,8.3,232,480,552,-14.6,49.2,89.7,67.3,-58.7,31,12.9,9.5,568,1.062,,51.3,48.7
107,5:12:53.1 PM,0:02:02.412000,29.4,4.08,8.1,243,497,556,-9.9,51.8,87.9,67.7,-55.4,32.4,11.2,9,636,0.992,,48.6,51.4
108,5:12:55.2 PM,0:02:03.213000,30.1,4.06,7.9,215,429,473,-7.2,53.8,88.8,63.8,-55.1,33.8,13.8,11.3,591,1.035,,51.9,48.1
109,5:12:57.1 PM,0:02:04.366000,28.8,4.02,8.5,166,346,425,-7.1,56.4,85.5,60,-55.3,30.2,17.6,8,649,1.049,,50.3,49.7
110,5:12:59.2 PM,0:02:05.027000,29,4,8,203,420,452,-4.1,59.2,85.1,65.7,-54.4,30.6,11.6,7.8,566,0.959,,46.3,53.7
111,5:13:01.3 PM,0:02:05.394000,29.4,3.99,8.2,162,330,403,-1.2,62.3,88.4,51.9,-56.4,32.1,24.3,12.2,586,1.02,,50,50
112,5:13:03.3 PM,0:02:04.868000,30.3,4,8.2,210,416,465,-2.4,62.3,87.1,64.4,-56.6,30.5,14,8.7,622,0.914,,46.2,53.8
113,5:13:05.3 PM,0:02:04.433000,29.4,4.02,8.1,204,416,448,-1.1,62.4,88.3,63.4,-56.2,32.1,15.7,9.3,657,0.927,,45.4,54.6
114,5:13:07.4 PM,0:02:05.159000,29,3.99,8.1,238,492,529,-8.1,56.4,87.2,67.7,-57.3,29.9,12.1,7.4,606,0.959,,46.3,53.7
115,5:13:09.4 PM,0:02:04.247000,30.3,4.02,8.1,218,431,504,-0.2,60.6,88.6,60.7,-53.9,34.7,16.3,11.6,589,0.9,,45.4,54.6
116,5:13:11.4 PM,0:02:04.842000,30.3,4.01,7.6,210,415,454,-5.6,56.8,84.4,62.9,-53.6,30.8,13.5,8,646,0.887,,44.8,55.2
117,5:13:13.4 PM,0:02:05.725000,30.3,3.98,7.9,230,455,504,-4.6,58.4,85.9,62.5,-54.7,31.2,14,9.4,610,0.84,,42.4,57.6
118,5:13:15.4 PM,0:02:05.283000,29.4,3.99,8.3,241,492,558,0.2,62.5,87.8,65.1,-54.7,33.1,13.2,9.5,672,0.931,,45.6,54.4
119,5:13:17.4 PM,0:02:04.903000,29.9,4,8.3,188,378,491,0.8,62.9,87.1,51.3,-54,33.1,26.2,9.6,694,0.959,,47.7,52.3
120,5:13:19.4 PM,0:02:03.771000,29.4,4.04,8.3,246,502,591,-4.6,56.9,87.3,62.2,-54.2,33.1,13.6,11.4,604,0.975,,47.8,52.2
121,5:13:21.5 PM,0:02:02.493000,29.4,4.08,8.2,212,432,499,-1.7,59.3,87.3,62.6,-53.6,33.8,14.2,10.6,618,0.929,,45.6,54.4
122,5:13:23.5 PM,0:02:01.936000,29.8,4.1,8.1,198,399,476,3.1,64.9,89.3,56.2,-54.8,34.4,20.3,12.8,640,0.886,,44,56
123,5:13:25.5 PM,0:02:01.888000,28.2,4.1,8.7,180,383,447,0.7,64.6,86.6,60.7,-55.3,31.3,17.6,8.4,651,1.02,,47.9,52.1
124,5:13:27.6 PM,0:02:03.026000,31.3,4.06,7.6,194,372,438,3.6,63.9,87.9,52.6,-52.5,35.4,22.2,13,632,0.866,,45.1,54.9
125,5:13:29.6 PM,0:02:03.134000,29.6,4.06,8.2,156,316,434,1.6,64.1,85.9,50.9,-53.5,32.4,26,9.1,657,0.959,,47.4,52.6
126,5:13:31.6 PM,0:02:03.894000,29.1,4.04,8.3,187,386,470,4.3,69.4,86.9,59.3,-56,30.9,20.9,6.6,613,0.905,,43.9,56.1
127,5:13:33.6 PM,0:02:04.706000,30.4,4.01,7.7,227,449,550,-6.1,56.3,85.2,63.5,-54.1,31.1,12.9,8.8,610,0.868,,43.9,56.1
128,5:13:35.6 PM,0:02:03.868000,29.8,4.04,8.4,235,473,552,-5.1,58.7,86.3,63.9,-55.7,30.6,13,9.3,619,0.961,,47.8,52.2
129,5:13:37.6 PM,0:02:03.098000,29.2,4.06,8.3,165,339,376,-0.3,63,89.8,57.3,-56.9,32.9,18.9,13.7,629,1.02,,49.7,50.3
130,5:13:39.7 PM,0:02:03.433000,30.3,4.05,7.6,230,457,551,-12.4,51,92.4,62.4,-59.5,32.9,17.4,12.6,601,1.007,,50.8,49.2
131,5:13:41.7 PM,0:02:04.080000,29.2,4.03,8.2,229,470,515,-3.1,60.3,87.9,63.1,-56.1,31.9,15.2,9.7,574,0.96,,46.8,53.2
132,5:13:43.7 PM,0:02:04.541000,29.9,4.01,7.6,205,413,480,-1.2,60.7,88.6,60.7,-55.1,33.6,16.8,11.1,612,0.99,,49.3,50.7
133,5:13:45.7 PM,0:02:06.756000,30.8,3.94,7.7,181,353,426,-3.2,60.8,90.1,61.5,-58,32.1,16.7,11.9,597,0.9,,46.2,53.8
134,5:13:47.7 PM,0:02:06.799000,30.5,3.94,7.9,224,441,535,0.8,62.3,85.8,58.8,-52.7,33.1,15.2,11.8,625,0.902,,45.9,54.1
135,5:13:49.6 PM,0:02:05.265000,30.1,3.99,8,185,369,437,2.4,63.8,89.5,64.3,-54.7,34.8,15,10.2,605,0.988,,49.6,50.4
136,5:13:51.6 PM,0:02:05.438000,29.8,3.99,8.2,236,475,553,-5.2,58.2,87.5,63.8,-56.2,31.3,13.3,10.5,613,0.993,,49.3,50.7
137,5:13:53.7 PM,0:02:03.362000,29.9,4.05,8.3,239,479,589,-0.9,61.1,85.9,58.6,-53.4,32.5,17.2,10.2,617,0.989,,49.3,50.7
138,5:13:55.7 PM,0:02:02.651000,29,4.08,8.5,216,448,590,0.2,64.4,83.9,63.2,-53.8,30.1,15.1,5.6,644,0.946,,45.7,54.3
139,5:13:57.7 PM,0:02:02.651000,30.1,4.08,8.1,238,474,579,-1.6,60.3,86.9,63.9,-54,32.9,15.5,7.5,638,0.946,,47.4,52.6
140,5:13:59.7 PM,0:02:03.645000,28.6,4.04,8.2,205,431,555,0.9,64,87.4,55.9,-55.1,32.4,22.4,9.1,587,0.961,,45.7,54.3
141,5:14:01.8 PM,0:02:04.123000,31.5,4.03,7.6,245,466,557,-1.7,58.9,89.6,60.5,-54.6,35.1,16.2,12.9,623,0.883,,46.4,53.6
142,5:14:03.7 PM,0:02:04.205000,29,4.03,8.6,221,457,549,0.8,64.1,84.4,63.7,-53.4,31,14.6,6.1,618,0.959,,46.3,53.7
143,5:14:05.8 PM,0:02:03.794000,29.9,4.04,8.3,228,458,552,-2.6,58.8,89.1,60.5,-54.9,34.1,17,11.5,635,0.945,,47,53
144,5:14:07.8 PM,0:02:01.869000,31,4.1,7.8,241,467,566,-0.2,59.2,92.8,61.3,-55.1,37.7,16.5,15,630,0.857,,44.2,55.8
145,5:14:09.7 PM,0:02:01.874000,30.1,4.1,7.5,247,491,606,-0.8,60.2,88.4,62.1,-54,34.4,14.4,11.9,647,0.901,,45.2,54.8
146,5:14:11.7 PM,0:02:02.224000,28.8,4.09,8.6,226,470,591,0.1,62.6,86.3,57.8,-53.9,32.4,19.8,8.7,662,1.034,,49.6,50.4
147,5:14:13.8 PM,0:02:02.977000,30.3,4.07,7.8,221,437,526,1.3,62.9,85.9,58.5,-52.7,33.2,18.5,8.9,608,0.884,,44.7,55.3
148,5:14:15.8 PM,0:02:04.434000,29.6,4.02,8.4,226,458,523,-0.7,58.5,90.6,62.9,-53.7,36.9,14.7,13,576,1.005,,49.6,50.4
149,5:14:17.8 PM,0:02:05.070000,30.3,4,7.9,204,405,530,-4.8,57.7,83.1,58.1,-52.8,30.3,13.3,11.7,582,0.9,,45.4,54.6
150,5:14:19.8 PM,0:02:03.837000,29.4,4.04,7.9,225,460,532,-3.1,57.4,86.2,61.3,-52.6,33.6,13.8,11.1,586,0.886,,43.4,56.6
151,5:14:21.8 PM,0:02:04.610000,29.9,4.01,7.7,193,387,498,-2.4,56.8,91.1,62.5,-54.1,36.9,15.5,13,580,0.898,,44.7,55.3
152,5:14:23.9 PM,0:02:04.115000,29.9,4.03,8.2,227,456,574,-1.5,57.2,90.2,57.9,-53.1,37.1,18.9,13.4,609,0.886,,44.1,55.9
153,5:14:25.9 PM,0:02:04.159000,29.4,4.03,8.3,233,475,602,-1.9,59.7,82.9,58.7,-51.4,31.5,15.7,8.5,638,1.007,,49.3,50.7
154,5:14:27.9 PM,0:02:04.381000,30.1,4.02,8.2,260,518,634,-4.7,57.5,85,63.5,-53.6,31.4,13.6,7.9,634,0.975,,48.9,51.1
155,5:14:29.9 PM,0:02:03.554000,30.1,4.05,8.5,211,421,531,4.9,65.7,88,57.4,-52.9,35.1,19.2,11.5,589,0.9,,45.1,54.9
156,5:14:31.9 PM,0:02:02.044000,29.9,4.1,8.2,220,443,525,-3.9,58.3,90.8,65.6,-56.8,33.9,15.9,9.2,538,0.886,,44.1,55.9
157,5:14:33.9 PM,0:02:01.900000,30.8,4.1,7.9,257,501,572,-5.4,57.2,88.3,64.6,-55.8,32.4,12.3,11.3,579,0.885,,45.4,54.6
158,5:14:35.9 PM,0:02:01.904000,29.9,4.1,8.1,157,315,386,3.6,64.5,88.1,43.8,-53.2,34.9,33.2,11.1,674,0.96,,47.8,52.2
159,5:14:37.9 PM,0:02:01.332000,29.2,4.12,8.4,220,452,522,-3.2,55.5,90.4,62.3,-53.4,36.9,15.5,12.5,598,0.959,,46.7,53.3
160,5:14:39.9 PM,0:02:01.556000,30.1,4.11,8.3,203,405,499,-2.7,55.6,92.4,57.9,-54.1,38.3,18.7,15.9,588,0.914,,45.8,54.2
161,5:14:41.9 PM,0:02:01.320000,29.6,4.12,8.6,217,440,551,-4.9,54.2,90.2,60.6,-53.7,36.4,16.9,12.7,650,0.944,,46.6,53.4
162,5:14:43.9 PM,0:02:00.880000,29.2,4.14,8.3,229,471,522,-4.7,55.8,91.9,66.8,-56,35.9,13.2,11.9,594,0.914,,44.5,55.5
163,5:14:46.0 PM,0:02:01.179000,29.4,4.13,8.4,233,476,554,-3.2,59.9,88.4,65.8,-56.1,32.3,13.4,9.2,600,0.855,,41.9,58.1
164,5:14:48.0 PM,0:02:01.541000,29.6,4.11,8.2,238,482,594,-0.3,59.2,89.7,58.1,-53.4,36.3,19.4,12.1,615,0.854,,42.2,57.8
165,5:14:50.1 PM,0:02:01.811000,29.4,4.1,8.2,228,464,561,-4.6,58.6,85.8,64.3,-54.8,30.9,12.4,9,590,0.944,,46.3,53.7
166,5:14:52.1 PM,0:02:03.027000,30.1,4.06,8,247,493,586,-12.2,49.4,85.9,59.2,-54.6,31.3,17.3,9.3,629,0.914,,45.8,54.2
167,5:14:54.1 PM,0:02:03.063000,29.8,4.06,8.2,254,511,573,-6.9,54.7,89.3,66.6,-55.7,33.6,11.8,10.9,585,0.945,,47,53
168,5:14:56.1 PM,0:02:03.248000,30.8,4.06,7.9,262,512,600,-9.8,52.8,87.8,64,-56.2,31.6,13.7,10.1,595,0.916,,47,53
169,5:14:58.1 PM,0:02:02.883000,28.2,4.07,8.8,209,444,516,-4.1,59,85.3,63.3,-54.4,30.9,12.5,9.6,586,1.005,,47.2,52.8
170,5:15:00.2 PM,0:02:02.141000,29.4,4.09,8.4,203,415,495,-0.7,62,85.6,60.3,-53.7,31.8,16,9.3,582,1.006,,49.3,50.7
171,5:15:02.2 PM,0:02:01.585000,30.1,4.11,8.4,233,464,501,-4.1,58.8,87,65.4,-55.3,31.7,12.1,9.5,599,1.019,,51.1,48.9
172,5:15:04.2 PM,0:02:01.639000,30,4.11,8.1,184,368,490,-0.9,62.7,84.7,55,-53.9,30.8,19.7,10,652,1.02,,51.1,48.9
173,5:15:06.2 PM,0:02:01.418000,31.8,4.12,7.7,196,371,475,2.5,63.5,86.8,53,-52.6,34.2,24.7,9,608,0.959,,50.8,49.2
174,5:15:08.1 PM,0:02:01.260000,28.4,4.12,8.5,184,390,481,-0.6,60.9,88.3,59.4,-54.4,33.9,18.5,10.5,551,0.974,,46,54
175,5:15:10.2 PM,0:02:02.710000,31,4.07,7.6,208,402,472,0.9,64.9,85.2,62.5,-54.4,30.8,15.1,7.6,660,0.988,,51.1,48.9
176,5:15:12.2 PM,0:02:04.311000,29.4,4.02,7.9,247,504,565,-4.7,57.9,85.4,67.8,-54.2,31.2,11.4,6.3,593,0.958,,47,53
177,5:15:14.2 PM,0:02:05.571000,30.7,3.98,7.7,165,322,399,4,63.2,88.8,47,-52.1,36.7,26.1,15.7,624,0.841,,43.1,56.9
178,5:15:16.1 PM,0:02:06.288000,30.3,3.96,7.8,215,426,517,-5.4,55,87.2,58.6,-53.3,33.9,16.2,12.4,632,0.958,,48.4,51.6
179,5:15:18.1 PM,0:02:06.969000,30.1,3.94,7.8,236,472,569,-1.7,58.1,88,63.4,-52.8,35.2,13.3,11.3,612,0.9,,45.1,54.9
180,5:15:20.1 PM,0:02:06.746000,30.3,3.94,8,256,507,568,-6.4,54.9,89.3,64.6,-55.4,33.9,14.7,10,617,0.973,,49.2,50.8
181,5:15:22.1 PM,0:02:05.274000,29.6,3.99,8.5,217,438,509,-12.1,49.2,88,67.5,-55.4,32.6,13,7.5,618,0.882,,43.6,56.4
182,5:15:24.1 PM,0:02:03.082000,30.7,4.06,8.4,256,500,557,0.7,61,90.4,62.5,-54.5,35.9,17.6,10.3,589,0.869,,44.5,55.5
183,5:15:26.1 PM,0:02:01.100000,30.3,4.13,8.4,249,492,592,-3.3,56.9,86.6,62.3,-52.6,34,13,11.3,596,0.855,,43.2,56.8
184,5:15:28.1 PM,0:02:00.181000,30.5,4.16,7.8,211,416,526,-3.4,56.7,88,63.7,-53.2,34.8,14.1,10.2,603,0.901,,45.8,54.2
185,5:15:30.0 PM,0:01:58.815000,29.6,4.21,8.5,220,445,522,-8.6,51.6,91.6,63.1,-55.8,35.8,14.7,13.7,610,0.872,,43.1,56.9
186,5:15:32.0 PM,0:01:58.878000,30.1,4.21,8.5,243,485,567,-4.1,56.9,88.8,64.3,-54.6,34.2,13.7,10.7,606,0.944,,47.4,52.6
187,5:15:34.0 PM,0:01:59.115000,29.2,4.2,9,165,339,449,5.9,70.9,84.1,50.5,-53.7,30.4,26.4,7.1,591,0.93,,45.2,54.8
188,5:15:36.1 PM,0:01:58.129000,31.7,4.23,8.2,222,420,480,-2.5,60.4,88.1,60.1,-55.7,32.4,17.2,10.9,588,0.949,,50.1,49.9
189,5:15:38.0 PM,0:01:56.797000,30.3,4.28,8.2,206,407,479,0.4,61.7,87.5,61.8,-53.6,33.9,14.5,11.2,599,0.929,,47,53
190,5:15:40.0 PM,0:01:58.457000,31.2,4.22,7.7,250,481,552,-2.1,59.3,88.6,63.7,-54.6,33.9,14.3,10.6,609,0.887,,46.1,53.9
191,5:15:41.9 PM,0:01:59.445000,30.8,4.19,8.1,218,425,510,-4.4,58.1,86.9,63.6,-54.8,32.1,14.8,8.5,613,0.961,,49.3,50.7
192,5:15:43.8 PM,0:02:01.595000,30.5,4.11,7.8,249,490,581,-2.4,58.1,88.3,63.1,-53.7,34.5,15.8,9.4,606,0.975,,49.6,50.4
193,5:15:45.8 PM,0:02:03.210000,31,4.06,7.7,267,517,587,-4,59.2,87.6,66.2,-55.9,31.8,12.1,9.4,611,0.914,,47.3,52.7
194,5:15:47.7 PM,0:02:02.218000,30.7,4.09,8.2,251,490,587,-0.5,61.7,88.9,64.2,-55.4,33.6,14.3,10.4,603,0.932,,47.7,52.3
195,5:15:49.7 PM,0:02:01.699000,31.8,4.11,7.9,252,476,565,-1.2,62.1,85.5,67,-54.2,31.3,12.3,6.2,640,0.868,,46,54
196,5:15:51.6 PM,0:02:01.908000,30.8,4.1,7.9,238,465,553,-1.5,61.9,85.6,65.2,-54.5,31.1,13.1,7.3,605,0.885,,45.4,54.6
197,5:15:53.5 PM,0:02:00.713000,30.3,4.14,8.5,273,542,652,-3.8,58.7,86.6,64.1,-54.6,32,14.6,8,613,0.946,,47.8,52.2
198,5:15:55.5 PM,0:02:00.449000,31.3,4.15,7.8,235,451,574,1.3,60.1,88.3,59.9,-51.7,36.5,16.4,12,599,0.872,,45.4,54.6
199,5:15:57.4 PM,0:02:00.915000,29.2,4.14,8.4,158,325,457,0.8,64.2,86.9,46.2,-55.1,31.8,32.7,8,598,0.96,,46.7,53.3
200,5:15:59.5 PM,0:01:59.824000,31,4.17,8.2,281,544,653,-3.8,59.2,85.3,65.7,-54.3,31,12.9,6.7,595,0.959,,49.6,50.4
201,5:16:01.4 PM,0:01:58.537000,32.5,4.22,8,272,503,573,-12.7,49.1,89.2,65.2,-56.5,32.7,13.1,10.9,594,0.856,,46.3,53.7
202,5:16:03.3 PM,0:01:57.815000,30.3,4.24,8.7,264,522,594,-3.2,60.3,85.7,66.5,-54.9,30.8,12.8,6.4,620,0.96,,48.5,51.5
203,5:16:05.2 PM,0:01:56.672000,29.4,4.29,8.6,256,522,602,-6.2,56.3,85,64.6,-54.1,30.9,14,6.3,616,1.005,,49.2,50.8
204,5:16:07.3 PM,0:01:55.876000,33.1,4.31,7.7,298,541,640,0.1,63.1,87.1,66.4,-54.9,32.3,12.3,8.4,616,0.868,,47.9,52.1
205,5:16:09.1 PM,0:01:56.507000,31.2,4.29,8,229,440,561,0.8,63.8,84.1,58.7,-52.9,31.2,16.4,9,632,0.93,,48.4,51.6
206,5:16:11.0 PM,0:01:57.495000,30.5,4.26,8.1,242,475,635,1.8,62.2,90.6,61.7,-54.6,36,17.3,11.6,608,0.885,,45,55
207,5:16:13.0 PM,0:01:59.627000,28.8,4.18,8.7,206,430,484,-2.4,60.1,90.4,65.4,-56.7,33.7,15,10,625,0.944,,45.3,54.7
208,5:16:15.1 PM,0:02:00.072000,28.6,4.16,8.2,153,321,397,-11.1,52.4,86.1,56.7,-56.2,29.9,16.5,12.9,638,1.051,,50,50
209,5:16:17.2 PM,0:02:01.932000,32.3,4.1,7.5,211,393,463,-0.7,59.7,87.6,60.4,-52.9,34.6,15.3,11.8,639,0.871,,46.8,53.2
210,5:16:19.0 PM,0:02:02.903000,30.3,4.07,7.8,213,421,465,-1.1,60.3,88.7,61.8,-54.6,34.1,14.6,12.3,613,0.929,,46.9,53.1
211,5:16:21.0 PM,0:02:03.942000,30.3,4.03,8.2,226,447,517,-4.6,56.3,87.2,63.5,-53.7,33.4,12.8,10.8,592,0.841,,42.5,57.5
212,5:16:23.0 PM,0:02:04.171000,30.1,4.03,8.3,207,412,480,-0.7,61.5,88.6,63.3,-55.2,33.4,14.3,11,646,0.899,,45.1,54.9
213,5:16:25.0 PM,0:02:02.820000,29.4,4.07,8.4,206,420,525,-2.5,60.3,82.7,60.9,-52.4,30.3,13.1,8.7,622,0.944,,46.3,53.7
214,5:16:27.0 PM,0:02:02.146000,32.5,4.09,7.7,251,463,533,-0.4,60.3,87.6,65.1,-53.2,34.4,12.4,10.1,572,0.869,,47.1,52.9
215,5:16:28.9 PM,0:02:01.096000,31.2,4.13,7.8,245,471,567,-5.9,53.8,90.4,64.9,-54.5,35.9,11.6,13.9,579,0.901,,46.9,53.1
216,5:16:30.8 PM,0:02:00.135000,31.8,4.16,8,231,437,515,-6.6,53.9,90.6,63,-55.5,35.1,15.2,12.4,593,0.81,,42.9,57.1
217,5:16:32.7 PM,0:01:59.887000,30.8,4.17,7.8,251,489,559,-6.2,54,90,65.7,-54.9,35.1,13.9,10.4,592,0.839,,43.1,56.9
218,5:16:34.6 PM,0:02:00.237000,29.4,4.16,8.2,183,375,489,0.8,65.3,86.8,55.3,-55.9,30.8,24.1,7.4,621,0.96,,47,53
219,5:16:36.7 PM,0:02:00.347000,32.3,4.15,7.7,257,478,548,-1.4,61.4,86.4,64.4,-54.5,31.9,13.3,8.7,623,0.885,,47.6,52.4
220,5:16:38.5 PM,0:01:59.866000,30.8,4.17,8.2,240,467,513,3.6,65.1,89.1,62.2,-54.5,34.6,16.1,10.8,611,0.87,,44.6,55.4
221,5:16:40.5 PM,0:02:00.795000,31.3,4.14,7.9,208,400,464,4.3,65.8,92.6,66.3,-56.6,36,14.8,11.5,595,0.839,,43.7,56.3
222,5:16:42.4 PM,0:02:00,31.3,4.17,8,231,443,558,0.2,59.8,87.4,59.3,-52.1,35.3,15.6,12.5,585,0.84,,43.8,56.3
223,5:16:44.3 PM,0:01:59.702000,30.5,4.18,8.3,232,457,531,0.6,60.7,90.9,63.1,-54.6,36.3,16.7,11.1,625,0.856,,43.5,56.5
224,5:16:46.3 PM,0:01:58.748000,29.2,4.21,8.9,229,469,549,-13.6,46.1,85.9,62.5,-53.2,32.8,12.7,10.7,612,0.929,,45.2,54.8
225,5:16:48.3 PM,0:01:57.732000,32.8,4.25,8,279,511,577,-4.7,54.9,89.3,65.1,-53.7,35.5,12.1,12,619,0.872,,47.6,52.4
226,5:16:50.2 PM,0:01:56.083000,31.8,4.31,8.3,209,395,477,0.6,63.9,87.7,58.7,-55.4,32.3,21.3,7.6,605,0.84,,44.5,55.5
227,5:16:52.1 PM,0:01:55.420000,31.3,4.33,8.1,250,480,529,-0.1,61.7,88.9,65,-54.9,33.9,14.4,9.5,595,0.854,,44.5,55.5
228,5:16:54.0 PM,0:01:55.568000,32.2,4.33,8,271,505,595,-0.1,59.3,88.6,64.9,-52.6,35.9,13,10.7,575,0.839,,45.1,54.9
229,5:16:55.8 PM,0:01:55.990000,32.8,4.31,7.6,228,418,515,3.5,65.1,89.7,57.1,-54.9,34.8,22.2,10.4,596,0.84,,45.9,54.1
230,5:16:57.7 PM,0:01:57.871000,32.8,4.24,7.4,273,500,606,0,,88.8,65.5,-54.7,34.1,14.4,8.8,613,0.811,,44.3,55.7
231,5:16:59.5 PM,0:01:58.870000,32.8,4.21,8,265,485,578,0,,87.6,65,-53.3,34.3,14,8.6,590,0.886,,48.4,51.6
232,5:17:01.3 PM,0:01:57.834000,32.8,4.24,8.3,266,486,579,-2.9,58.6,87.6,65.2,-54.3,33.3,12.7,9.7,609,0.811,,44.3,55.7
233,5:17:03.2 PM,0:01:56.166000,32.5,4.3,8.2,260,479,600,-3.9,57.1,89.3,64.3,-54.9,34.4,14.2,10.8,592,0.825,,44.7,55.3
234,5:17:05.0 PM,0:01:55.429000,32.5,4.33,8.1,294,543,632,-0.6,61.2,88.5,68.2,-54.8,33.7,12.6,7.6,580,0.872,,47.2,52.8
235,5:17:06.8 PM,0:01:53.522000,32.8,4.4,7.8,288,526,570,-1.7,58.5,89.8,66.6,-54.2,35.6,12.4,10.9,584,0.854,,46.7,53.3
236,5:17:08.7 PM,0:01:53.355000,33.3,4.41,7.8,281,507,608,-3,58.2,88.6,63.6,-54.5,34.1,13.6,11.4,583,0.842,,46.7,53.3
237,5:17:10.5 PM,0:01:53.846000,33.9,4.39,8,282,499,642,-4.1,58.1,90.5,64.6,-56.6,33.9,15.4,10.6,557,0.811,,45.8,54.2
238,5:17:12.2 PM,0:01:52.866000,33.1,4.43,8.5,296,536,585,-11,49.4,92.3,67.5,-56.6,35.7,12.6,12.2,583,0.885,,48.8,51.2
239,5:17:14.1 PM,0:01:51.326000,33.1,4.49,8.5,264,480,561,-8.1,53.7,89.7,64.1,-56.2,33.4,14.7,10.9,570,0.855,,47.1,52.9
240,5:17:15.9 PM,0:01:51.593000,32.8,4.48,7.5,252,461,523,-1.1,60.3,92.8,67.2,-57.1,35.7,14,11.6,574,0.869,,47.5,52.5
241,5:17:17.7 PM,0:01:51.260000,33.9,4.49,7.6,203,359,451,-1.5,60.4,89.6,55.4,-55.6,34,21.7,12.4,588,0.84,,47.4,52.6
242,5:17:19.5 PM,0:01:51.853000,32.8,4.47,8.2,251,460,564,-3.4,59.6,85.2,60,-54.2,31,15.2,10,575,0.84,,45.9,54.1
243,5:17:21.3 PM,0:01:52.223000,31.8,4.46,8.9,246,465,564,-4.5,57.9,83.1,63,-52.6,30.5,13.5,6.7,572,0.916,,48.5,51.5
244,5:17:23.2 PM,0:01:52.424000,33.4,4.45,8.1,273,492,614,-5.1,57.6,83.6,63.3,-53.2,30.3,12,8.3,562,0.899,,50,50
245,5:17:25.0 PM,0:01:51.599000,33.9,4.48,7.8,274,485,606,-1.4,61.7,82.5,61.6,-52.2,30.3,14.3,6.6,590,0.885,,49.9,50.1
246,5:17:26.8 PM,0:01:52.104000,33.9,4.46,7.2,242,429,489,1.3,61.9,87.7,63.4,-53.1,34.6,13.9,10.4,576,0.871,,49.2,50.8
247,5:17:28.5 PM,0:01:52,32.8,4.46,8.2,259,474,587,-2.2,57.8,87.1,61.5,-52.6,34.5,14.9,10.7,552,0.87,,47.6,52.4
248,5:17:30.4 PM,0:01:52.174000,34.2,4.46,7.9,261,458,595,-3.3,58.9,84.4,62.4,-53.1,31.4,14.2,7.8,563,0.78,,44.4,55.6
249,5:17:32.1 PM,0:01:52.799000,33.1,4.43,8.1,227,412,490,-1.2,61.3,87.3,61.1,-54.7,32.6,16.7,9.5,578,0.811,,44.7,55.3
250,5:17:33.9 PM,0:01:53.579000,32.8,4.4,7.8,275,503,639,-2.6,59.3,85.4,64.6,-53.2,32.2,12.6,8.2,590,0.84,,45.9,54.1
251,5:17:35.8 PM,0:01:53.580000,33.9,4.4,7.4,278,491,569,-7.2,52.7,85.9,62.9,-52.4,33.5,13,10.1,579,0.84,,47.5,52.5
252,5:17:37.5 PM,0:01:53.157000,32.8,4.42,8,280,512,618,0.4,62.9,87.3,66.5,-54.6,32.8,13.4,7.4,566,0.827,,45.2,54.8
253,5:17:39.4 PM,0:01:53.975000,33.4,4.39,8.1,291,524,612,-4.4,56.9,89.1,67.3,-55.1,34,11.7,10.1,578,0.823,,45.8,54.2
254,5:17:41.2 PM,0:01:53.755000,32.8,4.4,8.3,263,481,585,-9.2,50.2,88.4,64.1,-53.6,34.9,12.4,12,607,0.855,,46.7,53.3
255,5:17:43.0 PM,0:01:52.886000,33.3,4.43,8.1,251,451,553,-0.4,61.3,87.9,64.3,-54.3,33.6,14.6,9,539,0.81,,45,55
256,5:17:44.8 PM,0:01:52.665000,32.8,4.44,7.7,253,463,520,-6.6,52.6,90.9,65.5,-54.4,36.5,12.5,12.9,560,0.87,,47.6,52.4
257,5:17:46.6 PM,0:01:53.317000,32.8,4.41,7.4,263,481,546,-1.7,59.7,88.3,66.6,-54.4,33.9,13.1,8.6,576,0.855,,46.7,53.3
258,5:17:48.5 PM,0:01:53.318000,32.8,4.41,8.3,229,419,526,0.7,61.9,87.4,61.9,-53.4,34,17.3,8.1,592,0.826,,45.1,54.9
259,5:17:50.3 PM,0:01:53.327000,32.3,4.41,8.5,223,415,515,-0.4,58,90.1,62.4,-52.7,37.4,16.6,11.1,588,0.826,,44.4,55.6
260,5:17:52.1 PM,0:01:53.532000,33.9,4.4,7.8,266,470,567,-2.4,59.3,84.8,65,-52.7,32.1,12.9,6.9,574,0.795,,44.9,55.1
261,5:17:53.9 PM,0:01:53.607000,32.8,4.4,7.6,246,451,586,-1.1,61.5,85.7,65.4,-53.8,31.9,13.4,6.9,567,0.824,,45,55
262,5:17:55.7 PM,0:01:53.918000,33.3,4.39,7.4,258,464,585,-0.9,62.6,86.3,63.7,-54.9,31.4,15.3,7.4,588,0.826,,45.9,54.1
263,5:17:57.5 PM,0:01:54.839000,33.1,4.35,7.9,253,459,538,-5.9,56.4,85.4,66.3,-54.1,31.3,12.8,6.3,560,0.852,,47,53
264,5:17:59.4 PM,0:01:55.507000,31.5,4.33,8.5,219,418,529,-1.1,61.2,83.3,61.5,-52,31.3,13.7,8.1,566,0.87,,45.6,54.4
265,5:18:01.3 PM,0:01:54.560000,34.2,4.36,7.9,257,451,507,-2.4,60,86.6,65.8,-54.3,32.3,12.8,8,600,0.946,,53.9,46.1
266,5:18:03.0 PM,0:01:54.310000,33.1,4.37,7.9,206,374,484,-1.3,60.5,86.6,58.2,-53.7,32.9,16.3,12,591,0.796,,43.9,56.1
267,5:18:04.8 PM,0:01:55.064000,31.3,4.35,7.4,240,460,537,-2.3,60.8,83.4,63.9,-53,30.4,12.8,6.6,580,0.975,,50.8,49.2
268,5:18:06.8 PM,0:01:56.690000,34.8,4.28,6.9,263,453,511,-5.1,55.5,88.3,63.6,-54.1,34.1,15.8,8.9,555,0.84,,48.7,51.3
269,5:18:08.5 PM,0:01:58.039000,32,4.24,7.9,267,500,587,-2,60.3,85.6,62.5,-53.6,32,14.7,8.4,577,0.84,,44.8,55.2
270,5:18:10.4 PM,0:01:59.874000,32.5,4.17,8,230,425,549,1.5,64.8,84.5,61.2,-53.2,31.3,15.3,8,609,0.827,,44.8,55.2
271,5:18:12.2 PM,0:01:59.345000,33.1,4.19,8.1,259,470,586,1.3,64.3,84.7,60.6,-53.1,31.6,15.7,8.4,570,0.84,,46.3,53.7
272,5:18:14.0 PM,0:01:57.367000,32.3,4.26,7.9,231,429,538,1.2,62.8,86.1,57.3,-52.9,33.3,18.8,10.1,587,0.914,,49.2,50.8
273,5:18:15.9 PM,0:01:57.031000,33.3,4.27,7,230,413,535,1.4,61.9,80.4,58.8,-48.4,32,13.7,7.9,587,0.841,,46.7,53.3
274,5:18:17.7 PM,0:01:58.554000,32.8,4.22,7.1,265,485,611,-1.6,61.1,83.5,63.2,-52.6,30.9,12.8,7.4,584,0.871,,47.6,52.4
275,5:18:19.5 PM,0:02:00.642000,32.8,4.14,7.3,260,476,576,-1.1,61.5,84.3,62.7,-52.9,31.4,14.1,7.5,547,0.958,,52.4,47.6
276,5:18:21.3 PM,0:02:02.223000,33.3,4.09,7.8,266,480,583,-1.6,60.4,83.8,65.1,-52.2,31.6,12,6.6,565,0.839,,46.6,53.4
277,5:18:23.1 PM,0:02:01.731000,31.3,4.11,8.4,227,436,552,-0.1,62.9,81,62,-51.1,29.9,13.8,5.2,582,0.915,,47.7,52.3
278,5:18:25.1 PM,0:02:00.449000,34.5,4.15,7.4,297,516,595,-4.4,57.3,87,65.7,-54.2,32.8,12.5,8.8,586,0.854,,49.1,50.9
279,5:18:26.8 PM,0:01:58.004000,32.2,4.24,8.1,185,345,428,2.1,64.9,86.7,57.3,-54.1,32.6,21.4,8.1,622,0.96,,51.6,48.4
280,5:18:28.7 PM,0:01:57.162000,32.8,4.27,7.4,203,372,419,-6.8,53,89.3,57.1,-54.1,35.1,18.1,14.1,541,0.871,,47.6,52.4
281,5:18:30.5 PM,0:01:56.763000,30.1,4.28,8.5,191,380,503,2.6,66.9,84.8,59.4,-54.2,30.6,19.3,6.2,601,1.065,,53.4,46.6
282,5:18:32.5 PM,0:01:57.795000,34.5,4.24,7.6,232,404,450,2.4,64.5,88.2,61.8,-54.5,33.7,17,9.3,565,0.945,,54.3,45.7
283,5:18:34.2 PM,0:01:57.826000,32.5,4.24,7.7,244,451,526,-2.7,60.6,85,61.4,-54.2,30.8,14.4,9.2,596,0.944,,51.2,48.8
284,5:18:36.1 PM,0:01:59.349000,32.8,4.19,7.4,268,491,561,-7.6,52.6,86.5,64,-53.1,33.4,13.3,9.2,580,0.871,,47.5,52.5
285,5:18:37.9 PM,0:01:59.468000,32.3,4.19,7.1,270,501,572,-9.5,51.3,88,66.6,-54.7,33.3,12.7,8.7,550,0.929,,50,50
286,5:18:39.8 PM,0:02:01.154000,31.7,4.13,7.4,242,457,518,-0.9,61.6,83.3,63,-52.2,31.1,13.3,7,617,0.901,,47.7,52.3
287,5:18:41.6 PM,0:02:02.913000,32.2,4.07,7.3,207,386,504,4.3,66.4,87.1,52.6,-53.6,33.5,25.8,8.8,622,0.872,,46.9,53.1
288,5:18:43.5 PM,0:02:04.825000,31.8,4.01,7.5,224,422,501,-2.6,60.4,85.4,63.5,-54.2,31.2,13.6,8.3,559,0.854,,45.2,54.8
289,5:18:45.4 PM,0:02:04.422000,32.8,4.02,8,232,426,528,-1.1,61.3,86.8,62.9,-54.2,32.5,14.7,9.2,570,0.873,,47.7,52.3
290,5:18:47.2 PM,0:02:02.313000,31,4.09,8.2,229,443,565,-0.9,63.6,84.4,60.7,-54.6,29.9,15.9,7.8,614,0.958,,49.6,50.4
291,5:18:49.2 PM,0:02:01.556000,33.6,4.11,7.1,265,473,548,-1.3,59.9,86.7,64.6,-53.2,33.4,11.5,10.6,568,0.991,,55.5,44.5
292,5:18:50.9 PM,0:02:00.686000,32.8,4.14,7.5,207,379,470,-1.9,60.7,83.6,61.6,-52.6,31,11.7,10.3,591,0.855,,46.7,53.3
293,5:18:52.8 PM,0:02:00.123000,31.5,4.16,7.6,255,485,577,-1,60.8,85.8,63.1,-53.2,32.6,13.7,9.1,583,0.884,,46.4,53.6
294,5:18:54.7 PM,0:02:02.196000,32,4.09,7.3,246,461,553,-0.3,63.1,84.8,62.6,-53.8,31,15.7,6.5,600,0.962,,51.3,48.7
295,5:18:56.6 PM,0:02:03.222000,32.3,4.06,7.9,234,435,550,-0.4,58.6,86.4,57.5,-51.1,35.3,17.5,11.4,608,0.855,,46,54
296,5:18:58.4 PM,0:02:01.230000,31.7,4.12,8.4,230,435,552,2.8,65.7,84.8,61.1,-52.9,31.9,16.1,7.5,636,0.884,,46.8,53.2
297,5:19:00.3 PM,0:01:59.981000,31.3,4.17,8.4,250,481,600,0,,92.8,63,-55.1,37.7,19.1,10.6,613,0.84,,43.8,56.3
298,5:19:02.2 PM,0:01:58.418000,32,4.22,8,278,521,631,-4.4,57.4,85.6,65.5,-53.5,32.1,13.4,6.7,603,0.856,,45.6,54.4
299,5:19:04.1 PM,0:01:55.807000,32.3,4.32,8,250,464,589,-2.7,59,86.6,63.5,-53.7,32.8,16,7,639,0.944,,50.8,49.2
300,5:19:06.0 PM,0:01:55.436000,32,4.33,8.1,265,497,598,-4.4,57.2,86.8,64.4,-54.1,32.7,13.9,8.5,616,0.931,,49.6,50.4
301,5:19:07.8 PM,0:01:57.488000,31.8,4.26,7.6,257,485,611,-9.5,51.6,86.3,62.2,-54,32.3,14.3,9.7,615,0.884,,46.8,53.2
302,5:19:09.7 PM,0:01:58.585000,32,4.22,8,225,422,479,0.1,60.5,89.7,63.8,-54.1,35.6,14.7,11.2,617,0.958,,51.1,48.9
303,5:19:11.6 PM,0:01:58.304000,32.2,4.23,7.8,239,445,525,-3.1,57.9,88.5,63.5,-54.3,34.2,14.2,10.8,570,0.885,,47.6,52.4
304,5:19:13.5 PM,0:01:58.545000,31.5,4.22,8.1,265,505,584,1.1,62.6,92.1,65.3,-56.6,35.6,16.2,10.6,565,1.006,,52.8,47.2
305,5:19:15.4 PM,0:01:58.154000,32.8,4.23,8.1,276,504,564,-13.2,48.1,88.4,65.9,-55.7,32.7,13.6,8.9,564,0.855,,46.7,53.3
306,5:19:17.2 PM,0:01:56.204000,32.3,4.3,8.1,304,565,649,-9,52.6,88.3,65.7,-55.4,32.9,13.8,8.8,591,0.855,,46,54
307,5:19:19.1 PM,0:01:54.867000,32.5,4.35,8.4,250,462,567,-2.2,59.2,84.9,59.5,-52.5,32.4,16.8,8.6,601,0.855,,46.3,53.7
308,5:19:20.9 PM,0:01:55.663000,32.3,4.32,7.6,242,449,565,-8.6,53.8,83.9,64.2,-53.8,30.1,13,6.7,575,0.853,,45.9,54.1
309,5:19:22.8 PM,0:01:56.633000,33.1,4.29,7.3,232,420,490,-2.1,61.2,84.7,63.6,-53.9,30.8,13.4,7.8,576,0.9,,49.6,50.4
310,5:19:24.6 PM,0:01:56.691000,37,4.28,7.8,301,488,602,-4.2,57.9,83.9,63.7,-52.9,31.1,13.2,7.1,542,0.782,,48.2,51.8
311,5:19:26.2 PM,0:01:54.855000,33.7,4.35,8.1,281,501,640,-2.5,61.5,86.7,65.3,-55.8,30.9,13.5,7.9,579,0.793,,44.5,55.5
312,5:19:28.0 PM,0:01:54.143000,34.2,4.38,8.1,290,509,616,-4,57.4,85.9,61.4,-53.3,32.6,15.3,9.3,561,0.81,,46.2,53.8
313,5:19:29.7 PM,0:01:52.942000,31.7,4.43,7.9,282,533,674,-6.4,57.1,84.9,66.9,-54.9,30,12.2,5.8,549,0.872,,46.1,53.9
314,5:19:31.6 PM,0:01:51.605000,33.6,4.48,7.8,308,550,636,-9,53.8,84.8,64.2,-54.6,30.2,13,7.6,533,0.916,,51.3,48.7
315,5:19:33.4 PM,0:01:51.138000,35.4,4.5,7.6,307,520,635,-7.2,53.9,86.6,65.1,-53.9,32.8,12.3,9.2,554,0.779,,46,54
316,5:19:35.1 PM,0:01:52.084000,33.3,4.46,8.2,256,461,552,-4.1,59.1,88.6,64.3,-56.4,32.1,13.6,10.7,556,0.826,,45.9,54.1
317,5:19:36.9 PM,0:01:53.169000,33.9,4.42,7.4,271,479,571,-4.7,55.7,89.4,64.6,-54.5,34.9,13.3,11.6,573,0.855,,48.3,51.7
318,5:19:38.7 PM,0:01:54.526000,32.6,4.37,7.4,263,484,583,-7.2,54.2,88.4,66,-55.2,33.2,12,10.3,583,0.914,,49.6,50.4
319,5:19:40.5 PM,0:01:55.595000,34.1,4.33,7.4,218,382,512,0.6,63,86.8,58.6,-54,32.8,17.3,10.8,595,0.795,,45.2,54.8
320,5:19:42.3 PM,0:01:56.092000,32.3,4.31,8.4,166,308,415,4.5,70.9,82.1,49.3,-53.7,28.4,24.4,8.4,584,0.899,,48.4,51.6
321,5:19:44.1 PM,0:01:57.300000,37.4,4.26,6.5,197,317,435,-2.9,55.1,77.8,46.9,-45.7,32.1,18.1,12.8,507,0.781,,48.6,51.4
322,5:19:45.7 PM,0:02:00.197000,33.3,4.16,6.9,239,431,568,-5.8,55.8,84.9,60.9,-53.2,31.7,13.5,10.6,560,0.943,,52.4,47.6
323,5:19:47.5 PM,0:02:02.136000,33.1,4.09,7.1,277,502,638,-4.1,58.7,83.4,61.6,-53.1,30.4,12.6,9.2,546,0.973,,53.7,46.3
324,5:19:49.4 PM,0:02:01.995000,33.6,4.1,7.6,198,353,414,-6.7,52.7,89,58,-53.7,35.3,18.7,12.3,561,0.914,,51.1,48.9
325,5:19:51.1 PM,0:02:02.150000,31,4.09,8.3,226,437,593,-2.8,62.1,83.9,62.2,-54.9,29,13.3,8.5,562,1.038,,53.6,46.4
326,5:19:53.1 PM,0:02:02.785000,34.5,4.07,7.2,255,443,567,-1.2,59.9,81.8,57.8,-50.2,31.5,14.3,9.6,589,0.855,,49.2,50.8
327,5:19:54.8 PM,0:02:02.108000,33.6,4.09,7,301,538,667,-2.3,59.4,83.6,64.6,-52,31.6,11.8,7.2,560,0.854,,47.8,52.2
328,5:19:56.6 PM,0:02:00.541000,33.1,4.15,7.5,295,535,651,-3.7,58.6,86.9,67,-54.7,32.3,11.7,8.3,561,0.84,,46.3,53.7
329,5:19:58.4 PM,0:01:59.315000,33.9,4.19,8.1,171,303,387,5.1,67,88.9,50.4,-54.5,34.4,25.9,12.7,586,0.825,,46.6,53.4
330,5:20:00.2 PM,0:01:58.102000,32.3,4.23,7.9,300,558,651,-5.7,57.3,88.3,67.5,-56.2,32,11.9,8.8,550,0.839,,45.1,54.9
331,5:20:02.0 PM,0:01:57.998000,31.7,4.24,8.1,239,452,570,-2.1,62,84.8,62.7,-54.7,30.1,16.2,5.9,581,0.975,,51.6,48.4
332,5:20:03.9 PM,0:01:56.983000,34.5,4.27,7,274,476,547,-0.3,61.1,86.8,60.1,-53.3,33.4,17,9.6,532,0.853,,49,51
333,5:20:05.7 PM,0:01:58.002000,32.5,4.24,7.5,314,580,698,-7.7,55.5,84.6,66,-54.6,30,13,5.6,554,0.96,,52,48
334,5:20:07.5 PM,0:01:58.866000,33.3,4.21,7.8,272,490,595,-3.1,60.5,83.5,64.3,-53.6,29.9,12.6,6.6,559,0.824,,45.8,54.2
335,5:20:09.3 PM,0:01:59.184000,32.5,4.2,8,296,546,650,-5.4,56.5,84.9,67.5,-53.3,31.6,10.3,7.1,539,0.84,,45.5,54.5
336,5:20:11.2 PM,0:01:58.515000,34.2,4.22,7.7,269,472,594,0,,87.2,67.1,-57.1,30.1,13.8,6.3,555,0.825,,47,53
337,5:20:12.9 PM,0:01:58.301000,33.3,4.23,7.1,300,540,619,-9.7,52.6,86,66.4,-55,31,12.4,7.2,526,0.855,,47.5,52.5
338,5:20:14.7 PM,0:01:58.135000,33.6,4.23,7.3,292,520,595,-2.2,61.2,84.8,65.1,-54.1,30.7,12.7,6.9,560,0.885,,49.6,50.4
339,5:20:16.5 PM,0:01:58.518000,33.9,4.22,7.4,316,559,649,-1.7,62.2,86.9,69,-55.7,31.2,10.4,7.5,559,0.841,,47.5,52.5
340,5:20:18.3 PM,0:01:58.446000,33.4,4.22,8,323,581,660,-4.1,58.8,85.9,67.4,-54.7,31.3,11.6,6.9,569,0.855,,47.6,52.4
341,5:20:20.1 PM,0:01:58.679000,32.4,4.21,8,307,568,659,-5,58.4,86.8,68.1,-55.7,31.1,10.2,8.4,560,0.904,,48.9,51.1
342,5:20:21.9 PM,0:01:58.752000,33.4,4.21,7.6,293,526,624,-7.5,55.9,85.5,66.7,-55.3,30.2,10.8,7.9,569,0.916,,50.9,49.1
343,5:20:23.7 PM,0:01:57.137000,34.8,4.27,7.5,298,514,551,-5.4,57.3,92.1,71.4,-58.2,33.9,12.4,8.2,530,0.871,,50.5,49.5
344,5:20:25.4 PM,0:01:56.588000,34.2,4.29,7.7,329,577,626,-4.7,58.3,87.6,68.9,-55.9,31.8,12.6,6.1,530,0.841,,47.9,52.1
345,5:20:27.2 PM,0:01:56.500000,33.6,4.29,7.7,316,565,644,-5.8,57,88.5,69,-56.2,32.3,10.6,9,558,0.869,,48.7,51.3
346,5:20:29.0 PM,0:01:56.946000,34.5,4.28,7.2,292,508,595,0.3,63.7,88.9,65.7,-56.3,32.6,15.8,7.3,544,0.886,,50.9,49.1
347,5:20:30.7 PM,0:01:57.981000,33.9,4.24,7.4,283,500,611,-1,61.4,91.4,60.2,-57.1,34.3,22.2,9,553,0.871,,49.2,50.8
348,5:20:32.5 PM,0:01:57.905000,34.5,4.24,7.5,270,470,593,-0.9,63,88,58.4,-56.3,31.7,22,7.6,579,0.869,,50,50
349,5:20:34.2 PM,0:01:57.672000,33.9,4.25,7.9,259,458,558,-3.7,59.8,87.4,63.8,-56,31.4,16.2,7.5,557,0.839,,47.4,52.6
350,5:20:36.0 PM,0:01:57.713000,34.5,4.25,7.4,273,475,573,-5.1,56.8,85.9,64.4,-53.9,32,10.8,10.6,565,0.826,,47.4,52.6
351,5:20:37.7 PM,0:01:57.958000,34.5,4.24,7.3,323,563,664,-4.2,57.1,87.8,67.1,-54.3,33.5,11.6,9.2,524,0.947,,54.4,45.6
352,5:20:39.5 PM,0:01:56.500000,35.1,4.29,7.5,355,606,713,-1.7,61.9,86.5,69.1,-55.3,31.2,12,5.4,538,0.794,,46.5,53.5
353,5:20:41.2 PM,0:01:54.238000,34.8,4.38,8.3,288,496,617,-3.7,59.4,88.4,61.5,-56.2,32.2,19.3,7.6,527,0.823,,47.7,52.3
354,5:20:42.9 PM,0:01:53.135000,34.5,4.42,7.5,342,596,692,-5.7,56.1,87.8,70.9,-55,32.8,11.2,5.7,531,0.856,,49.2,50.8
355,5:20:44.7 PM,0:01:54.002000,35.4,4.39,7.3,318,540,651,-1.5,61.7,86.9,66.2,-55.1,31.8,13.9,6.8,528,0.779,,46,54
356,5:20:46.4 PM,0:01:52.156000,34.8,4.46,8.1,288,496,569,-3.6,59.8,89.3,64.3,-57,32.3,17,7.9,513,0.839,,48.6,51.4
357,5:20:48.1 PM,0:01:50.376000,34.8,4.53,7.8,296,511,617,-5.5,57.4,89.6,66.1,-56.9,32.6,16.6,6.9,544,0.869,,50.4,49.6
358,5:20:49.8 PM,0:01:51.748000,35.7,4.47,7.4,369,621,701,-5.7,55.4,89.7,69.6,-55.4,34.3,10.8,9.4,526,0.826,,49.1,50.9
359,5:20:51.5 PM,0:01:53.883000,34.2,4.39,7.7,353,619,716,-7.2,55.2,88.3,71.1,-56,32.3,11.6,5.5,522,0.793,,45.2,54.8
360,5:20:53.2 PM,0:01:51.933000,35.4,4.47,7.8,314,533,629,-3.4,59.2,90.9,67.2,-57.2,33.6,14.8,8.9,557,0.793,,46.8,53.2
361,5:20:54.9 PM,0:01:52.582000,34.8,4.44,7.3,352,607,655,-8.4,53.4,90.6,72.3,-56.7,33.9,9.8,8.5,531,0.915,,53,47
362,5:20:56.7 PM,0:01:54.750000,33.4,4.36,7.9,180,323,437,-10.2,53.4,86.3,53.9,-56.3,29.9,23.4,8.9,546,0.958,,53.3,46.7
363,5:20:58.5 PM,0:01:52.810000,35.7,4.43,7.9,319,536,625,-4.7,58.8,86.7,68.9,-55.7,31,11.7,6.2,551,0.853,,50.7,49.3
364,5:21:00.1 PM,0:01:52.042000,35.1,4.46,7.4,318,544,657,-1.8,62.3,87.8,66.5,-56.6,31.3,14.8,6.5,551,0.824,,48.2,51.8
365,5:21:01.9 PM,0:01:53.464000,34.7,4.41,7.2,318,550,654,-3.9,57.1,89.6,68.4,-55.1,34.5,10.8,10.4,552,0.841,,48.7,51.3
366,5:21:03.6 PM,0:01:55.419000,33.9,4.33,7.5,292,516,600,-9.1,52.9,89.2,66.5,-56.3,32.9,15.5,7.2,510,0.839,,47.4,52.6
367,5:21:05.3 PM,0:01:52.843000,34.2,4.43,8.5,320,561,660,-6.4,54.4,87.9,66.7,-54.2,33.8,10.4,10.9,519,0.84,,47.8,52.2
368,5:21:07.1 PM,0:01:52.622000,34.8,4.44,7.7,310,533,632,-4.9,55.6,92.3,68.7,-56.1,36.1,11.2,12.4,504,0.943,,54.7,45.3
369,5:21:08.8 PM,0:01:53.530000,35.4,4.4,6.9,277,470,555,-5.7,53.6,89.5,62.9,-53.7,35.8,14.2,12.4,502,0.763,,45,55
370,5:21:10.5 PM,0:01:53.174000,34.5,4.42,8,295,513,629,-3.8,59.5,89.1,66.5,-56.8,32.3,13.9,8.7,542,0.826,,47.4,52.6
371,5:21:12.3 PM,0:01:50.688000,35.3,4.52,7.7,244,415,499,-6.8,55.2,89.1,60,-56,33.1,17.2,11.9,527,0.814,,47.9,52.1
372,5:21:14.0 PM,0:01:51.188000,33.7,4.5,7.6,306,546,628,-6.8,55.1,91.3,67.6,-57.1,34.2,12.2,11.5,553,0.841,,47.2,52.8
373,5:21:15.7 PM,0:01:54.280000,34.5,4.38,7.1,336,584,681,-8.1,53.5,88.1,68,-55.2,32.9,11.2,8.8,566,0.883,,50.8,49.2
374,5:21:17.5 PM,0:01:55.676000,34.7,4.32,7.6,269,464,616,-5.2,55.7,87.6,56.3,-54,33.6,18.3,13,566,0.872,,50.5,49.5
